"productId","language","packageName","version","referenceUrl"
"2","CPP","google-cloud-cpp::vision::v1","stable","https://cloud.google.com/cpp/docs/reference/vision/latest"
"2","JAVA","com.google.cloud:google-cloud-vision","stable","https://cloud.google.com/java/docs/reference/google-cloud-vision/latest/overview"
"2","NODEJS","@google-cloud/vision","stable","https://cloud.google.com/nodejs/docs/reference/vision/latest"
"2","PYTHON","google-cloud-vision","stable","https://cloud.google.com/python/docs/reference/vision/latest"
"2","RUBY","google-cloud-vision-v1p4beta1","preview","https://cloud.google.com/ruby/docs/reference/google-cloud-vision-v1p4beta1/latest"
"2","RUBY","google-cloud-vision-v1p3beta1","preview","https://cloud.google.com/ruby/docs/reference/google-cloud-vision-v1p3beta1/latest"
"2","RUBY","google-cloud-vision-v1","stable","https://cloud.google.com/ruby/docs/reference/google-cloud-vision-v1/latest"
"2","RUBY","google-cloud-vision","stable","https://cloud.google.com/ruby/docs/reference/google-cloud-vision/latest"
"3","CPP","google-cloud-cpp::speech::v2","preview","https://cloud.google.com/cpp/docs/reference/speech/latest"
"3","CPP","google-cloud-cpp::speech::v1","stable","https://cloud.google.com/cpp/docs/reference/speech/latest"
"3","JAVA","com.google.cloud:google-cloud-speech","stable","https://cloud.google.com/java/docs/reference/google-cloud-speech/latest/overview"
"3","NODEJS","@google-cloud/speech","stable","https://googleapis.dev/nodejs/speech/latest"
"3","PYTHON","google-cloud-speech","stable","https://cloud.google.com/python/docs/reference/speech/latest"
"3","RUBY","google-cloud-speech-v1p1beta1","preview","https://cloud.google.com/ruby/docs/reference/google-cloud-speech-v1p1beta1/latest"
"3","RUBY","google-cloud-speech-v2","stable","https://cloud.google.com/ruby/docs/reference/google-cloud-speech-v2/latest"
"3","RUBY","google-cloud-speech-v1","stable","https://cloud.google.com/ruby/docs/reference/google-cloud-speech-v1/latest"
"3","RUBY","google-cloud-speech","stable","https://cloud.google.com/ruby/docs/reference/google-cloud-speech/latest"
"4","CPP","google-cloud-cpp::translate::v3","stable","https://cloud.google.com/cpp/docs/reference/translate/latest"
"4","JAVA","com.google.cloud:google-cloud-translate","stable","https://cloud.google.com/java/docs/reference/google-cloud-translate/latest/overview"
"4","NODEJS","@google-cloud/translate","stable","https://cloud.google.com/nodejs/docs/reference/translate/latest"
"4","PYTHON","google-cloud-translate","stable","https://cloud.google.com/python/docs/reference/translate/latest"
"4","RUBY","google-cloud-translate-v3","stable","https://cloud.google.com/ruby/docs/reference/google-cloud-translate-v3/latest"
"4","RUBY","google-cloud-translate-v2","stable","https://cloud.google.com/ruby/docs/reference/google-cloud-translate-v2/latest"
"4","RUBY","google-cloud-translate","stable","https://cloud.google.com/ruby/docs/reference/google-cloud-translate/latest"
"5","CPP","google-cloud-cpp::language::v2","stable","https://cloud.google.com/cpp/docs/reference/language/latest"
"5","CPP","google-cloud-cpp::language::v1","stable","https://cloud.google.com/cpp/docs/reference/language/latest"
"5","JAVA","com.google.cloud:google-cloud-language","stable","https://cloud.google.com/java/docs/reference/google-cloud-language/latest/overview"
"5","NODEJS","@google-cloud/language","stable","https://cloud.google.com/nodejs/docs/reference/language/latest"
"5","PYTHON","google-cloud-language","stable","https://cloud.google.com/python/docs/reference/language/latest"
"5","RUBY","google-cloud-language-v1beta2","preview","https://cloud.google.com/ruby/docs/reference/google-cloud-language-v1beta2/latest"
"5","RUBY","google-cloud-language-v2","stable","https://cloud.google.com/ruby/docs/reference/google-cloud-language-v2/latest"
"5","RUBY","google-cloud-language-v1","stable","https://cloud.google.com/ruby/docs/reference/google-cloud-language-v1/latest"
"5","RUBY","google-cloud-language","stable","https://cloud.google.com/ruby/docs/reference/google-cloud-language/latest"
"6","CPP","google-cloud-cpp::videointelligence::v1","stable","https://cloud.google.com/cpp/docs/reference/videointelligence/latest"
"6","JAVA","com.google.cloud:google-cloud-video-intelligence","stable","https://cloud.google.com/java/docs/reference/google-cloud-video-intelligence/latest/overview"
"6","NODEJS","@google-cloud/video-intelligence","stable","https://cloud.google.com/nodejs/docs/reference/video-intelligence/latest"
"6","PYTHON","google-cloud-videointelligence","stable","https://cloud.google.com/python/docs/reference/videointelligence/latest"
"6","RUBY","google-cloud-video_intelligence-v1p1beta1","preview","https://cloud.google.com/ruby/docs/reference/google-cloud-video_intelligence-v1p1beta1/latest"
"6","RUBY","google-cloud-video_intelligence-v1p3beta1","preview","https://cloud.google.com/ruby/docs/reference/google-cloud-video_intelligence-v1p3beta1/latest"
"6","RUBY","google-cloud-video_intelligence-v1p2beta1","preview","https://cloud.google.com/ruby/docs/reference/google-cloud-video_intelligence-v1p2beta1/latest"
"6","RUBY","google-cloud-video_intelligence-v1beta2","preview","https://cloud.google.com/ruby/docs/reference/google-cloud-video_intelligence-v1beta2/latest"
"6","RUBY","google-cloud-video_intelligence-v1","stable","https://cloud.google.com/ruby/docs/reference/google-cloud-video_intelligence-v1/latest"
"6","RUBY","google-cloud-video_intelligence","stable","https://cloud.google.com/ruby/docs/reference/google-cloud-video_intelligence/latest"
"7","CPP","google-cloud-cpp::texttospeech::v1","stable","https://cloud.google.com/cpp/docs/reference/texttospeech/latest"
"7","JAVA","com.google.cloud:google-cloud-texttospeech","stable","https://cloud.google.com/java/docs/reference/google-cloud-texttospeech/latest/overview"
"7","NODEJS","@google-cloud/text-to-speech","stable","https://googleapis.dev/nodejs/text-to-speech/latest"
"7","PYTHON","google-cloud-texttospeech","stable","https://cloud.google.com/python/docs/reference/texttospeech/latest"
"7","RUBY","google-cloud-text_to_speech-v1beta1","preview","https://cloud.google.com/ruby/docs/reference/google-cloud-text_to_speech-v1beta1/latest"
"7","RUBY","google-cloud-text_to_speech-v1","stable","https://cloud.google.com/ruby/docs/reference/google-cloud-text_to_speech-v1/latest"
"7","RUBY","google-cloud-text_to_speech","stable","https://cloud.google.com/ruby/docs/reference/google-cloud-text_to_speech/latest"
"8","CPP","google-cloud-cpp::dialogflow_cx","stable","https://cloud.google.com/cpp/docs/reference/dialogflow_cx/latest"
"8","CPP","google-cloud-cpp::dialogflow_es","stable","https://cloud.google.com/cpp/docs/reference/dialogflow_es/latest"
"8","JAVA","com.google.cloud:google-cloud-dialogflow","stable","https://cloud.google.com/java/docs/reference/google-cloud-dialogflow/latest/overview"
"8","NODEJS","@google-cloud/dialogflow-cx","stable","https://googleapis.dev/nodejs/dialogflow-cx/latest"
"8","NODEJS","@google-cloud/dialogflow","stable","https://googleapis.dev/nodejs/dialogflow/latest"
"8","PYTHON","google-cloud-dialogflow-cx","stable","https://cloud.google.com/python/docs/reference/dialogflow-cx/latest"
"8","PYTHON","google-cloud-dialogflow","stable","https://cloud.google.com/python/docs/reference/dialogflow/latest"
"8","RUBY","google-cloud-dialogflow-cx-v3","stable","https://cloud.google.com/ruby/docs/reference/google-cloud-dialogflow-cx-v3/latest"
"8","RUBY","google-cloud-dialogflow-cx","stable","https://cloud.google.com/ruby/docs/reference/google-cloud-dialogflow-cx/latest"
"8","RUBY","google-cloud-dialogflow-v2","stable","https://cloud.google.com/ruby/docs/reference/google-cloud-dialogflow-v2/latest"
"8","RUBY","google-cloud-dialogflow","stable","https://cloud.google.com/ruby/docs/reference/google-cloud-dialogflow/latest"
"9","CPP","google-cloud-cpp::spanner","stable","https://cloud.google.com/cpp/docs/reference/spanner/latest"
"9","JAVA","com.google.cloud:google-cloud-spanner","stable","https://cloud.google.com/java/docs/reference/google-cloud-spanner/latest/history"
"9","NODEJS","@google-cloud/spanner","stable","https://cloud.google.com/nodejs/docs/reference/spanner/latest"
"9","PYTHON","google-cloud-spanner","stable","https://cloud.google.com/python/docs/reference/spanner/latest"
"9","RUBY","google-cloud-spanner-admin-instance-v1","stable","https://cloud.google.com/ruby/docs/reference/google-cloud-spanner-admin-instance-v1/latest"
"9","RUBY","google-cloud-spanner-admin-database-v1","stable","https://cloud.google.com/ruby/docs/reference/google-cloud-spanner-admin-database-v1/latest"
"9","RUBY","google-cloud-spanner-v1","stable","https://cloud.google.com/ruby/docs/reference/google-cloud-spanner-v1/latest"
"9","RUBY","google-cloud-spanner","stable","https://cloud.google.com/ruby/docs/reference/google-cloud-spanner/latest"
"10","CPP","google-cloud-cpp::dlp::v2","stable","https://cloud.google.com/cpp/docs/reference/dlp/latest"
"10","JAVA","com.google.cloud:google-cloud-dlp","stable","https://cloud.google.com/java/docs/reference/google-cloud-dlp/latest/overview"
"10","NODEJS","@google-cloud/dlp","stable","https://cloud.google.com/nodejs/docs/reference/dlp/latest"
"10","PYTHON","google-cloud-dlp","stable","https://cloud.google.com/python/docs/reference/dlp/latest"
"10","RUBY","google-cloud-dlp-v2","stable","https://cloud.google.com/ruby/docs/reference/google-cloud-dlp-v2/latest"
"10","RUBY","google-cloud-dlp","stable","https://cloud.google.com/ruby/docs/reference/google-cloud-dlp/latest"
"11","CPP","google-cloud-cpp::functions::v1","stable","https://cloud.google.com/cpp/docs/reference/functions/latest"
"11","JAVA","com.google.cloud:google-cloudevent-types","preview","https://cloud.google.com/java/docs/reference/google-cloud-functions/latest/history"
"11","JAVA","com.google.cloud:google-cloud-functions","stable","https://cloud.google.com/java/docs/reference/google-cloud-functions/latest/overview"
"11","NODEJS","@google-cloud/functions","stable","https://cloud.google.com/nodejs/docs/reference/functions/latest"
"11","PYTHON","google-cloud-functions","stable","https://cloud.google.com/python/docs/reference/cloudfunctions/latest"
"11","RUBY","google-cloud-functions-v1","stable","https://cloud.google.com/ruby/docs/reference/google-cloud-functions-v1/latest"
"11","RUBY","google-cloud-functions-v2","stable","https://cloud.google.com/ruby/docs/reference/google-cloud-functions-v2/latest"
"11","RUBY","google-cloud-functions","stable","https://cloud.google.com/ruby/docs/reference/google-cloud-functions/latest"
"12","CPP","google-cloud-cpp::tasks::v2","stable","https://cloud.google.com/cpp/docs/reference/tasks/latest"
"12","JAVA","com.google.cloud:google-cloud-tasks","stable","https://cloud.google.com/java/docs/reference/google-cloud-tasks/latest/overview"
"12","NODEJS","@google-cloud/tasks","stable","https://cloud.google.com/nodejs/docs/reference/tasks/latest"
"12","PYTHON","google-cloud-tasks","stable","https://cloud.google.com/python/docs/reference/cloudtasks/latest"
"12","RUBY","google-cloud-tasks-v2beta3","preview","https://cloud.google.com/ruby/docs/reference/google-cloud-tasks-v2beta3/latest"
"12","RUBY","google-cloud-tasks-v2beta2","preview","https://cloud.google.com/ruby/docs/reference/google-cloud-tasks-v2beta2/latest"
"12","RUBY","google-cloud-tasks-v2","stable","https://cloud.google.com/ruby/docs/reference/google-cloud-tasks-v2/latest"
"12","RUBY","google-cloud-tasks","stable","https://cloud.google.com/ruby/docs/reference/google-cloud-tasks/latest"
"13","CPP","google-cloud-cpp::storagecontrol::v2","stable","https://cloud.google.com/cpp/docs/reference/storagecontrol/latest"
"13","CPP","google-cloud-cpp::storage","stable","https://cloud.google.com/cpp/docs/reference/storage/latest"
"13","JAVA","com.google.cloud:google-cloud-storage","stable","https://cloud.google.com/java/docs/reference/google-cloud-storage/latest/history"
"13","NODEJS","@google-cloud/storage-control","stable","https://cloud.google.com/nodejs/docs/reference/storage-control/latest"
"13","PYTHON","google-cloud-storage-control","stable","https://cloud.google.com/python/docs/reference/google-cloud-storage-control/latest"
"13","PYTHON","google-cloud-storage","stable","https://cloud.google.com/python/docs/reference/storage/latest"
"13","RUBY","google-cloud-storage-control-v2","stable","https://cloud.google.com/ruby/docs/reference/google-cloud-storage-control-v2/latest"
"13","RUBY","google-cloud-storage-control","stable","https://cloud.google.com/ruby/docs/reference/google-cloud-storage-control/latest"
"13","RUBY","google-cloud-storage","stable","https://cloud.google.com/ruby/docs/reference/google-cloud-storage/latest"
"14","CPP","google-cloud-cpp::datastore::v1","stable","https://cloud.google.com/cpp/docs/reference/datastore/latest"
"14","JAVA","com.google.cloud:google-cloud-datastore","stable","https://cloud.google.com/java/docs/reference/google-cloud-datastore/latest/history"
"14","NODEJS","@google-cloud/datastore","stable","https://cloud.google.com/nodejs/docs/reference/datastore/latest"
"14","PYTHON","google-cloud-datastore","stable","https://cloud.google.com/python/docs/reference/datastore/latest"
"14","RUBY","google-cloud-datastore-admin","preview","https://cloud.google.com/ruby/docs/reference/google-cloud-datastore-admin/latest"
"14","RUBY","google-cloud-datastore-admin-v1","stable","https://cloud.google.com/ruby/docs/reference/google-cloud-datastore-admin-v1/latest"
"14","RUBY","google-cloud-datastore-v1","stable","https://cloud.google.com/ruby/docs/reference/google-cloud-datastore-v1/latest"
"14","RUBY","google-cloud-datastore","stable","https://cloud.google.com/ruby/docs/reference/google-cloud-datastore/latest"
"15","JAVA","com.google.cloud:google-cloud-firestore","stable","https://cloud.google.com/java/docs/reference/google-cloud-firestore/latest/history"
"15","NODEJS","@google-cloud/firestore","stable","https://cloud.google.com/nodejs/docs/reference/firestore/latest"
"15","PYTHON","google-cloud-firestore","stable","https://cloud.google.com/python/docs/reference/firestore/latest"
"15","RUBY","google-cloud-firestore-admin","preview","https://cloud.google.com/ruby/docs/reference/google-cloud-firestore-admin/latest"
"15","RUBY","google-cloud-firestore-admin-v1","stable","https://cloud.google.com/ruby/docs/reference/google-cloud-firestore-admin-v1/latest"
"15","RUBY","google-cloud-firestore-v1","stable","https://cloud.google.com/ruby/docs/reference/google-cloud-firestore-v1/latest"
"15","RUBY","google-cloud-firestore","stable","https://cloud.google.com/ruby/docs/reference/google-cloud-firestore/latest"
"16","CPP","google-cloud-cpp::monitoring::metricsscope::v1","stable","https://cloud.google.com/cpp/docs/reference/monitoring/latest"
"16","CPP","google-cloud-cpp::monitoring::dashboard::v1","stable","https://cloud.google.com/cpp/docs/reference/monitoring/latest"
"16","CPP","google-cloud-cpp::monitoring::v3","stable","https://cloud.google.com/cpp/docs/reference/monitoring/latest"
"16","GO","cloud.google.com/go","alpha","https://godoc.org/cloud.google.com/go/monitoring/apiv3"
"16","JAVA","com.google.cloud:google-cloud-monitoring-metricsscope","preview","https://cloud.google.com/java/docs/reference/google-cloud-monitoring-metricsscope/latest/overview"
"16","JAVA","com.google.cloud:google-cloud-monitoring-dashboard","stable","https://cloud.google.com/java/docs/reference/google-cloud-monitoring-dashboard/latest/overview"
"16","JAVA","com.google.cloud:google-cloud-monitoring","stable","https://cloud.google.com/java/docs/reference/google-cloud-monitoring/latest/overview"
"16","NODEJS","@google-cloud/monitoring-dashboards","stable","https://cloud.google.com/nodejs/docs/reference/monitoring-dashboards/latest"
"16","NODEJS","@google-cloud/monitoring","stable","https://cloud.google.com/nodejs/docs/reference/monitoring/latest"
"16","PYTHON","google-cloud-monitoring-metrics-scopes","stable","https://cloud.google.com/python/docs/reference/google-cloud-monitoring-metrics-scopes/latest"
"16","PYTHON","google-cloud-monitoring-dashboards","stable","https://cloud.google.com/python/docs/reference/monitoring-dashboards/latest"
"16","PYTHON","google-cloud-monitoring","stable","https://cloud.google.com/python/docs/reference/monitoring/latest"
"16","RUBY","google-cloud-monitoring-metrics_scope-v1","stable","https://cloud.google.com/ruby/docs/reference/google-cloud-monitoring-metrics_scope-v1/latest"
"16","RUBY","google-cloud-monitoring-dashboard-v1","stable","https://cloud.google.com/ruby/docs/reference/google-cloud-monitoring-dashboard-v1/latest"
"16","RUBY","google-cloud-monitoring-v3","stable","https://cloud.google.com/ruby/docs/reference/google-cloud-monitoring-v3/latest"
"16","RUBY","google-cloud-monitoring","stable","https://cloud.google.com/ruby/docs/reference/google-cloud-monitoring/latest"
"17","CPP","google-cloud-cpp::logging::v2","stable","https://cloud.google.com/cpp/docs/reference/logging/latest"
"17","JAVA","com.google.cloud:google-cloud-logging-servlet-initializer","preview","https://cloud.google.com/java/docs/reference/google-cloud-logging-servlet-initializer/latest/history"
"17","JAVA","com.google.cloud:google-cloud-logging-logback","preview","https://cloud.google.com/java/docs/reference/google-cloud-logging-logback/latest/history"
"17","JAVA","com.google.cloud:google-cloud-logging","stable","https://cloud.google.com/java/docs/reference/google-cloud-logging/latest/history"
"17","NODEJS","@google-cloud/logging-winston","stable","https://cloud.google.com/nodejs/docs/reference/logging-winston/latest"
"17","NODEJS","@google-cloud/logging-bunyan","stable","https://cloud.google.com/nodejs/docs/reference/logging-bunyan/latest"
"17","NODEJS","@google-cloud/logging","stable","https://cloud.google.com/nodejs/docs/reference/logging/latest"
"17","PYTHON","google-cloud-logging","stable","https://cloud.google.com/python/docs/reference/logging/latest"
"17","RUBY","google-cloud-logging-v2","stable","https://cloud.google.com/ruby/docs/reference/google-cloud-logging-v2/latest"
"17","RUBY","google-cloud-logging","stable","https://cloud.google.com/ruby/docs/reference/google-cloud-logging/latest"
"18","CPP","google-cloud-cpp::bigquerycontrol::v2","stable","https://cloud.google.com/cpp/docs/reference/bigquerycontrol/latest"
"18","JAVA","com.google.cloud:google-cloud-bigquery","stable","https://cloud.google.com/java/docs/reference/google-cloud-bigquery/latest/history"
"18","NODEJS","@google-cloud/bigquery","stable","https://cloud.google.com/nodejs/docs/reference/bigquery/latest"
"18","PYTHON","sqlalchemy-bigquery","preview","https://googleapis.dev/python/sqlalchemy-bigquery/latest/index.html"
"18","PYTHON","pandas-gbq","preview","https://googleapis.dev/python/pandas-gbq/latest/"
"18","PYTHON","bigframes","preview","https://cloud.google.com/python/docs/reference/bigframes/latest"
"18","PYTHON","google-cloud-bigquery","stable","https://cloud.google.com/python/docs/reference/bigquery/latest"
"18","PYTHON","bigquery-magics","stable","https://googleapis.dev/python/bigquery-magics/latest/"
"18","PYTHON","db-dtypes","stable","https://googleapis.dev/python/db-dtypes/latest/index.html"
"18","RUBY","google-cloud-bigquery","stable","https://cloud.google.com/ruby/docs/reference/google-cloud-bigquery/latest"
"19","CPP","google-cloud-cpp::pubsub","stable","https://cloud.google.com/cpp/docs/reference/pubsub/latest"
"19","JAVA","com.google.cloud:google-cloud-pubsub","stable","https://cloud.google.com/java/docs/reference/google-cloud-pubsub/latest/history"
"19","NODEJS","@google-cloud/pubsub","stable","https://cloud.google.com/nodejs/docs/reference/pubsub/latest"
"19","PYTHON","google-cloud-pubsub","stable","https://cloud.google.com/python/docs/reference/pubsub/latest"
"19","RUBY","google-cloud-pubsub-v1","stable","https://cloud.google.com/ruby/docs/reference/google-cloud-pubsub-v1/latest"
"19","RUBY","google-cloud-pubsub","stable","https://cloud.google.com/ruby/docs/reference/google-cloud-pubsub/latest"
"20","CPP","google-cloud-cpp::kms::v1","stable","https://cloud.google.com/cpp/docs/reference/kms/latest"
"20","JAVA","com.google.cloud:google-cloud-kms","stable","https://cloud.google.com/java/docs/reference/google-cloud-kms/latest/overview"
"20","NODEJS","@google-cloud/kms","stable","https://cloud.google.com/nodejs/docs/reference/kms/latest"
"20","PYTHON","google-cloud-kms","stable","https://cloud.google.com/python/docs/reference/cloudkms/latest"
"20","RUBY","google-cloud-kms-v1","stable","https://cloud.google.com/ruby/docs/reference/google-cloud-kms-v1/latest"
"20","RUBY","google-cloud-kms","stable","https://cloud.google.com/ruby/docs/reference/google-cloud-kms/latest"
"21","CPP","google-cloud-cpp::composer::v1","stable","https://cloud.google.com/cpp/docs/reference/composer/latest"
"21","JAVA","com.google.cloud:google-cloud-orchestration-airflow","stable","https://cloud.google.com/java/docs/reference/google-cloud-orchestration-airflow/latest/overview"
"21","NODEJS","@google-cloud/orchestration-airflow","stable","https://cloud.google.com/nodejs/docs/reference/orchestration-airflow/latest"
"21","PYTHON","google-cloud-orchestration-airflow","stable","https://cloud.google.com/python/docs/reference/composer/latest"
"21","RUBY","google-cloud-orchestration-airflow-service-v1","stable","https://cloud.google.com/ruby/docs/reference/google-cloud-orchestration-airflow-service-v1/latest"
"21","RUBY","google-cloud-orchestration-airflow-service","stable","https://cloud.google.com/ruby/docs/reference/google-cloud-orchestration-airflow-service/latest"
"23","CPP","google-cloud-cpp::bigquery::datatransfer::v1","stable","https://cloud.google.com/cpp/docs/reference/bigquery/latest"
"23","JAVA","com.google.cloud:google-cloud-bigquerydatatransfer","stable","https://cloud.google.com/java/docs/reference/google-cloud-bigquerydatatransfer/latest/overview"
"23","NODEJS","@google-cloud/bigquery-data-transfer","stable","https://cloud.google.com/nodejs/docs/reference/bigquery-data-transfer/latest"
"23","PYTHON","google-cloud-bigquery-datatransfer","stable","https://cloud.google.com/python/docs/reference/bigquerydatatransfer/latest"
"23","RUBY","google-cloud-bigquery-data_transfer-v1","stable","https://cloud.google.com/ruby/docs/reference/google-cloud-bigquery-data_transfer-v1/latest"
"23","RUBY","google-cloud-bigquery-data_transfer","stable","https://cloud.google.com/ruby/docs/reference/google-cloud-bigquery-data_transfer/latest"
"35","CPP","google-cloud-cpp::redis::cluster::v1","stable","https://cloud.google.com/cpp/docs/reference/redis/latest"
"35","CPP","google-cloud-cpp::redis::v1","stable","https://cloud.google.com/cpp/docs/reference/redis/latest"
"35","JAVA","com.google.cloud:google-cloud-redis","stable","https://cloud.google.com/java/docs/reference/google-cloud-redis/latest/overview"
"35","NODEJS","@google-cloud/redis-cluster","preview","https://cloud.google.com/nodejs/docs/reference/redis/latest"
"35","NODEJS","@google-cloud/redis","stable","https://cloud.google.com/nodejs/docs/reference/redis/latest"
"35","PYTHON","google-cloud-redis","stable","https://cloud.google.com/python/docs/reference/redis/latest"
"35","RUBY","google-cloud-redis-cluster-v1beta1","preview","https://cloud.google.com/ruby/docs/reference/google-cloud-redis-cluster-v1beta1/latest"
"35","RUBY","google-cloud-redis-v1beta1","preview","https://cloud.google.com/ruby/docs/reference/google-cloud-redis-v1beta1/latest"
"35","RUBY","google-cloud-redis-cluster-v1","stable","https://cloud.google.com/ruby/docs/reference/google-cloud-redis-cluster-v1/latest"
"35","RUBY","google-cloud-redis-cluster","stable","https://cloud.google.com/ruby/docs/reference/google-cloud-redis-cluster/latest"
"35","RUBY","google-cloud-redis-v1","stable","https://cloud.google.com/ruby/docs/reference/google-cloud-redis-v1/latest"
"35","RUBY","google-cloud-redis","stable","https://cloud.google.com/ruby/docs/reference/google-cloud-redis/latest"
"39","CPP","google-cloud-cpp::iap::v1","stable","https://cloud.google.com/cpp/docs/reference/iap/latest"
"39","JAVA","com.google.cloud:google-cloud-iap","stable","https://cloud.google.com/java/docs/reference/google-cloud-iap/latest/overview"
"39","NODEJS","@google-cloud/iap","stable","https://cloud.google.com/nodejs/docs/reference/iap/latest"
"39","PYTHON","google-cloud-iap","stable","https://cloud.google.com/python/docs/reference/iap/latest"
"39","RUBY","google-cloud-iap-v1","stable","https://cloud.google.com/ruby/docs/reference/google-cloud-iap-v1/latest"
"39","RUBY","google-cloud-iap","stable","https://cloud.google.com/ruby/docs/reference/google-cloud-iap/latest"
"43","CPP","google-cloud-cpp::accesscontextmanager::v1","stable","https://cloud.google.com/cpp/docs/reference/accesscontextmanager/latest"
"43","JAVA","com.google.cloud:google-identity-accesscontextmanager","stable","https://cloud.google.com/java/docs/reference/google-identity-accesscontextmanager/latest/overview"
"43","NODEJS","@google-cloud/access-context-manager","stable","https://cloud.google.com/nodejs/docs/reference/access-context-manager/latest"
"43","RUBY","google-identity-access_context_manager-v1","preview","https://cloud.google.com/ruby/docs/reference/google-identity-access_context_manager-v1/latest"
"43","RUBY","google-identity-access_context_manager","stable","https://cloud.google.com/ruby/docs/reference/google-identity-access_context_manager/latest"
"46","CPP","google-cloud-cpp::billing::v1","stable","https://cloud.google.com/cpp/docs/reference/billing/latest"
"46","JAVA","com.google.cloud:google-cloud-billing","stable","https://cloud.google.com/java/docs/reference/google-cloud-billing/latest/overview"
"46","NODEJS","@google-cloud/billing","stable","https://cloud.google.com/nodejs/docs/reference/billing/latest"
"46","PYTHON","google-cloud-billing","stable","https://cloud.google.com/python/docs/reference/cloudbilling/latest"
"46","RUBY","google-cloud-billing-v1","stable","https://cloud.google.com/ruby/docs/reference/google-cloud-billing-v1/latest"
"46","RUBY","google-cloud-billing","stable","https://cloud.google.com/ruby/docs/reference/google-cloud-billing/latest"
"47","CPP","google-cloud-cpp::channel::v1","stable","https://cloud.google.com/cpp/docs/reference/channel/latest"
"47","JAVA","com.google.cloud:google-cloud-channel","stable","https://cloud.google.com/java/docs/reference/google-cloud-channel/latest/overview"
"47","NODEJS","@google-cloud/channel","stable","https://cloud.google.com/nodejs/docs/reference/channel/latest"
"47","PYTHON","google-cloud-channel","stable","https://cloud.google.com/python/docs/reference/cloudchannel/latest"
"47","RUBY","google-cloud-channel-v1","stable","https://cloud.google.com/ruby/docs/reference/google-cloud-channel-v1/latest"
"47","RUBY","google-cloud-channel","stable","https://cloud.google.com/ruby/docs/reference/google-cloud-channel/latest"
"48","CPP","google-cloud-cpp::compute","preview","https://cloud.google.com/cpp/docs/reference/compute/latest"
"48","CPP","google-cloud-cpp::compute::v1","stable","https://cloud.google.com/cpp/docs/reference/compute/latest"
"48","JAVA","com.google.cloud:google-cloud-compute","stable","https://cloud.google.com/java/docs/reference/google-cloud-compute/latest/overview"
"48","NODEJS","@google-cloud/compute","stable","https://cloud.google.com/nodejs/docs/reference/compute/latest"
"48","PYTHON","google-cloud-compute-v1beta","stable","https://cloud.google.com/python/docs/reference/google-cloud-compute-v1beta/latest"
"48","PYTHON","google-cloud-compute","stable","https://cloud.google.com/python/docs/reference/compute/latest"
"48","RUBY","google-cloud-compute-v1","stable","https://cloud.google.com/ruby/docs/reference/google-cloud-compute-v1/latest"
"48","RUBY","google-cloud-compute","stable","https://cloud.google.com/ruby/docs/reference/google-cloud-compute/latest"
"49","CPP","google-cloud-cpp::cloudbuild::v2","preview","https://cloud.google.com/cpp/docs/reference/cloudbuild/latest"
"49","CPP","google-cloud-cpp::cloudbuild::v1","stable","https://cloud.google.com/cpp/docs/reference/cloudbuild/latest"
"49","JAVA","com.google.cloud:google-cloud-build","stable","https://cloud.google.com/java/docs/reference/google-cloud-build/latest/overview"
"49","NODEJS","@google-cloud/cloudbuild","stable","https://cloud.google.com/nodejs/docs/reference/cloudbuild/latest"
"49","PYTHON","google-cloud-build","stable","https://cloud.google.com/python/docs/reference/cloudbuild/latest"
"49","RUBY","google-cloud-build-v2","preview","https://cloud.google.com/ruby/docs/reference/google-cloud-build-v2/latest"
"49","RUBY","google-cloud-build-v1","stable","https://cloud.google.com/ruby/docs/reference/google-cloud-build-v1/latest"
"49","RUBY","google-cloud-build","stable","https://cloud.google.com/ruby/docs/reference/google-cloud-build/latest"
"50","JAVA","com.google.cloud:google-cloud-dataflow","preview","https://cloud.google.com/java/docs/reference/google-cloud-dataflow/latest/overview"
"50","NODEJS","@google-cloud/dataflow","preview","https://cloud.google.com/nodejs/docs/reference/dataflow/latest"
"50","PYTHON","google-cloud-dataflow-client","preview","https://cloud.google.com/python/docs/reference/dataflow/latest"
"50","RUBY","google-cloud-dataflow-v1beta3","preview","https://cloud.google.com/ruby/docs/reference/google-cloud-dataflow-v1beta3/latest"
"50","RUBY","google-cloud-dataflow","preview","https://cloud.google.com/ruby/docs/reference/google-cloud-dataflow/latest"
"54","CPP","google-cloud-cpp::dataproc::v1","stable","https://cloud.google.com/cpp/docs/reference/dataproc/latest"
"54","JAVA","com.google.cloud:google-cloud-dataproc","stable","https://cloud.google.com/java/docs/reference/google-cloud-dataproc/latest/overview"
"54","NODEJS","@google-cloud/dataproc","stable","https://cloud.google.com/nodejs/docs/reference/dataproc/latest"
"54","PYTHON","google-cloud-dataproc","stable","https://cloud.google.com/python/docs/reference/dataproc/latest"
"54","RUBY","google-cloud-dataproc-v1","stable","https://cloud.google.com/ruby/docs/reference/google-cloud-dataproc-v1/latest"
"54","RUBY","google-cloud-dataproc","stable","https://cloud.google.com/ruby/docs/reference/google-cloud-dataproc/latest"
"56","JAVA","com.google.cloud:google-cloud-dns","stable","https://cloud.google.com/java/docs/reference/google-cloud-dns/latest/overview"
"56","NODEJS","@google-cloud/dns","stable","https://cloud.google.com/nodejs/docs/reference/dns/latest"
"56","RUBY","google-cloud-dns","stable","https://cloud.google.com/ruby/docs/reference/google-cloud-dns/latest"
"58","JAVA","com.google.cloud:google-cloud-errorreporting","preview","https://cloud.google.com/java/docs/reference/google-cloud-errorreporting/latest/overview"
"58","NODEJS","@google-cloud/error-reporting","stable","https://cloud.google.com/nodejs/docs/reference/error-reporting/latest"
"58","PYTHON","google-cloud-error-reporting","preview","https://cloud.google.com/python/docs/reference/clouderrorreporting/latest"
"58","RUBY","google-cloud-error_reporting-v1beta1","preview","https://cloud.google.com/ruby/docs/reference/google-cloud-error_reporting-v1beta1/latest"
"58","RUBY","google-cloud-error_reporting","preview","https://cloud.google.com/ruby/docs/reference/google-cloud-error_reporting/latest"
"60","CPP","google-cloud-cpp::iam::admin::v1","stable","https://cloud.google.com/cpp/docs/reference/iam/latest"
"60","CPP","google-cloud-cpp::iam::v3","stable","https://cloud.google.com/cpp/docs/reference/iam/latest"
"60","CPP","google-cloud-cpp::iam::v2","stable","https://cloud.google.com/cpp/docs/reference/iam/latest"
"60","JAVA","com.google.cloud:google-iam-policy","stable","https://cloud.google.com/java/docs/reference/proto-google-iam-v1/latest/history"
"60","JAVA","com.google.cloud:google-iam-admin","stable","https://cloud.google.com/java/docs/reference/google-iam-admin/latest/overview"
"60","PYTHON","grpc-google-iam-v1","stable","https://cloud.google.com/python/docs/reference/grpc-iam/latest"
"60","PYTHON","google-cloud-iam","stable","https://cloud.google.com/python/docs/reference/iam/latest"
"60","RUBY","google-iam-v3beta","preview","https://cloud.google.com/ruby/docs/reference/google-iam-v3beta/latest"
"60","RUBY","google-iam-v1beta","preview","https://rubydoc.info/gems/google-iam-v1beta"
"60","RUBY","google-iam-v2","preview","https://rubydoc.info/gems/google-iam-v2"
"60","RUBY","google-iam-v3","preview","https://cloud.google.com/ruby/docs/reference/google-iam-v3/latest"
"60","RUBY","google-iam-client","stable","https://rubydoc.info/gems/google-iam-client"
"62","CPP","google-cloud-cpp::talent::v4","stable","https://cloud.google.com/cpp/docs/reference/talent/latest"
"62","JAVA","com.google.cloud:google-cloud-talent","stable","https://cloud.google.com/java/docs/reference/google-cloud-talent/latest/overview"
"62","NODEJS","@google-cloud/talent","stable","https://cloud.google.com/nodejs/docs/reference/talent/latest"
"62","PYTHON","google-cloud-talent","stable","https://cloud.google.com/python/docs/reference/talent/latest"
"62","RUBY","google-cloud-talent-v4beta1","preview","https://cloud.google.com/ruby/docs/reference/google-cloud-talent-v4beta1/latest"
"62","RUBY","google-cloud-talent-v4","stable","https://cloud.google.com/ruby/docs/reference/google-cloud-talent-v4/latest"
"62","RUBY","google-cloud-talent","stable","https://cloud.google.com/ruby/docs/reference/google-cloud-talent/latest"
"67","CPP","google-cloud-cpp::profiler::v2","stable","https://cloud.google.com/cpp/docs/reference/profiler/latest"
"67","JAVA","com.google.cloud:google-cloud-profiler","stable","https://cloud.google.com/java/docs/reference/google-cloud-profiler/latest/overview"
"67","NODEJS","@google-cloud/cloudprofiler","preview","https://cloud.google.com/nodejs/docs/reference/cloudprofiler/latest"
"67","NODEJS","@google-cloud/profiler","stable","https://cloud.google.com/nodejs/docs/reference/profiler/latest"
"67","RUBY","google-cloud-profiler-v2","stable","https://cloud.google.com/ruby/docs/reference/google-cloud-profiler-v2/latest"
"67","RUBY","google-cloud-profiler","stable","https://cloud.google.com/ruby/docs/reference/google-cloud-profiler/latest"
"70","CPP","google-cloud-cpp::resourcemanager::v3","stable","https://cloud.google.com/cpp/docs/reference/resourcemanager/latest"
"70","JAVA","com.google.cloud:google-cloud-resourcemanager","stable","https://cloud.google.com/java/docs/reference/google-cloud-resourcemanager/latest/overview"
"70","NODEJS","@google-cloud/resource-manager","stable","https://cloud.google.com/nodejs/docs/reference/resource-manager/latest"
"70","PYTHON","google-cloud-resource-manager","stable","https://cloud.google.com/python/docs/reference/cloudresourcemanager/latest"
"70","RUBY","google-cloud-resource_manager-v3","stable","https://cloud.google.com/ruby/docs/reference/google-cloud-resource_manager-v3/latest"
"70","RUBY","google-cloud-resource_manager","stable","https://cloud.google.com/ruby/docs/reference/google-cloud-resource_manager/latest"
"72","CPP","google-cloud-cpp::websecurityscanner::v1","stable","https://cloud.google.com/cpp/docs/reference/websecurityscanner/latest"
"72","JAVA","com.google.cloud:google-cloud-websecurityscanner","stable","https://cloud.google.com/java/docs/reference/google-cloud-websecurityscanner/latest/overview"
"72","NODEJS","@google-cloud/web-security-scanner","stable","https://cloud.google.com/nodejs/docs/reference/web-security-scanner/latest"
"72","RUBY","google-cloud-web_security_scanner-v1beta","preview","https://cloud.google.com/ruby/docs/reference/google-cloud-web_security_scanner-v1beta/latest"
"72","RUBY","google-cloud-web_security_scanner-v1","stable","https://cloud.google.com/ruby/docs/reference/google-cloud-web_security_scanner-v1/latest"
"72","RUBY","google-cloud-web_security_scanner","stable","https://cloud.google.com/ruby/docs/reference/google-cloud-web_security_scanner/latest"
"73","CPP","google-cloud-cpp::servicedirectory::v1","stable","https://cloud.google.com/cpp/docs/reference/servicedirectory/latest"
"73","JAVA","com.google.cloud:google-cloud-servicedirectory","stable","https://cloud.google.com/java/docs/reference/google-cloud-servicedirectory/latest/overview"
"73","NODEJS","@google-cloud/service-directory","stable","https://cloud.google.com/nodejs/docs/reference/service-directory/latest"
"73","PYTHON","google-cloud-service-directory","stable","https://cloud.google.com/python/docs/reference/servicedirectory/latest"
"73","RUBY","google-cloud-service_directory-v1beta1","preview","https://cloud.google.com/ruby/docs/reference/google-cloud-service_directory-v1beta1/latest"
"73","RUBY","google-cloud-service_directory-v1","stable","https://cloud.google.com/ruby/docs/reference/google-cloud-service_directory-v1/latest"
"73","RUBY","google-cloud-service_directory","stable","https://cloud.google.com/ruby/docs/reference/google-cloud-service_directory/latest"
"74","CPP","google-cloud-cpp::trace::v2","stable","https://cloud.google.com/cpp/docs/reference/trace/latest"
"74","CPP","google-cloud-cpp::trace::v1","stable","https://cloud.google.com/cpp/docs/reference/trace/latest"
"74","GO","cloud.google.com/go","alpha","https://godoc.org/cloud.google.com/go/trace/apiv2"
"74","JAVA","com.google.cloud:google-cloud-trace","stable","https://cloud.google.com/java/docs/reference/google-cloud-trace/latest/overview"
"74","NODEJS","@google-cloud/trace-agent","preview","https://cloud.google.com/nodejs/docs/reference/trace-agent/latest"
"74","PYTHON","google-cloud-trace","stable","https://cloud.google.com/python/docs/reference/cloudtrace/latest"
"74","RUBY","google-cloud-trace","preview","https://cloud.google.com/ruby/docs/reference/google-cloud-trace/latest"
"74","RUBY","google-cloud-trace-v2","stable","https://cloud.google.com/ruby/docs/reference/google-cloud-trace-v2/latest"
"74","RUBY","google-cloud-trace-v1","stable","https://cloud.google.com/ruby/docs/reference/google-cloud-trace-v1/latest"
"75","CPP","google-cloud-cpp::video::transcoder::v1","stable","https://cloud.google.com/cpp/docs/reference/video/latest"
"75","JAVA","com.google.cloud:google-cloud-video-transcoder","stable","https://cloud.google.com/java/docs/reference/google-cloud-video-transcoder/latest/overview"
"75","NODEJS","@google-cloud/video-transcoder","stable","https://cloud.google.com/nodejs/docs/reference/video-transcoder/latest"
"75","PYTHON","google-cloud-video-transcoder","stable","https://cloud.google.com/python/docs/reference/transcoder/latest"
"75","RUBY","google-cloud-video-transcoder-v1","stable","https://cloud.google.com/ruby/docs/reference/google-cloud-video-transcoder-v1/latest"
"75","RUBY","google-cloud-video-transcoder","stable","https://cloud.google.com/ruby/docs/reference/google-cloud-video-transcoder/latest"
"80","CPP","google-cloud-cpp::containeranalysis::v1","stable","https://cloud.google.com/cpp/docs/reference/containeranalysis/latest"
"80","JAVA","com.google.cloud:google-cloud-containeranalysis","stable","https://cloud.google.com/java/docs/reference/google-cloud-containeranalysis/latest/overview"
"80","NODEJS","@google-cloud/containeranalysis","stable","https://cloud.google.com/nodejs/docs/reference/containeranalysis/latest"
"80","NODEJS","@google-cloud/grafeas","stable","https://cloud.google.com/nodejs/docs/reference/grafeas/latest"
"80","PYTHON","google-cloud-containeranalysis","stable","https://cloud.google.com/python/docs/reference/containeranalysis/latest"
"80","PYTHON","grafeas","stable","https://googleapis.dev/python/grafeas/latest"
"80","RUBY","google-cloud-container_analysis-v1","stable","https://cloud.google.com/ruby/docs/reference/google-cloud-container_analysis-v1/latest"
"80","RUBY","google-cloud-container_analysis","stable","https://cloud.google.com/ruby/docs/reference/google-cloud-container_analysis/latest"
"80","RUBY","grafeas-v1","stable","https://cloud.google.com/ruby/docs/reference/grafeas-v1/latest"
"83","CPP","google-cloud-cpp::filestore::v1","stable","https://cloud.google.com/cpp/docs/reference/filestore/latest"
"83","JAVA","com.google.cloud:google-cloud-filestore","stable","https://cloud.google.com/java/docs/reference/google-cloud-filestore/latest/overview"
"83","NODEJS","@google-cloud/filestore","stable","https://cloud.google.com/nodejs/docs/reference/filestore/latest"
"83","PYTHON","google-cloud-filestore","stable","https://cloud.google.com/python/docs/reference/file/latest"
"83","RUBY","google-cloud-filestore-v1","stable","https://cloud.google.com/ruby/docs/reference/google-cloud-filestore-v1/latest"
"83","RUBY","google-cloud-filestore","stable","https://cloud.google.com/ruby/docs/reference/google-cloud-filestore/latest"
"89","CPP","google-cloud-cpp::oslogin::v1","stable","https://cloud.google.com/cpp/docs/reference/oslogin/latest"
"89","JAVA","com.google.cloud:google-cloud-os-login","stable","https://cloud.google.com/java/docs/reference/google-cloud-os-login/latest/overview"
"89","NODEJS","@google-cloud/os-login","stable","https://cloud.google.com/nodejs/docs/reference/os-login/latest"
"89","PYTHON","google-cloud-os-login","stable","https://cloud.google.com/python/docs/reference/oslogin/latest"
"89","RUBY","google-cloud-os_login-v1beta","preview","https://cloud.google.com/ruby/docs/reference/google-cloud-os_login-v1beta/latest"
"89","RUBY","google-cloud-os_login-v1","stable","https://cloud.google.com/ruby/docs/reference/google-cloud-os_login-v1/latest"
"89","RUBY","google-cloud-os_login","stable","https://cloud.google.com/ruby/docs/reference/google-cloud-os_login/latest"
"91","CPP","google-cloud-cpp::binaryauthorization::v1","stable","https://cloud.google.com/cpp/docs/reference/binaryauthorization/latest"
"91","JAVA","com.google.cloud:google-cloud-binary-authorization","stable","https://cloud.google.com/java/docs/reference/google-cloud-binary-authorization/latest/overview"
"91","NODEJS","@google-cloud/binary-authorization","stable","https://cloud.google.com/nodejs/docs/reference/binary-authorization/latest"
"91","PYTHON","google-cloud-binary-authorization","stable","https://cloud.google.com/python/docs/reference/binaryauthorization/latest"
"91","RUBY","google-cloud-binary_authorization-v1beta1","preview","https://cloud.google.com/ruby/docs/reference/google-cloud-binary_authorization-v1beta1/latest"
"91","RUBY","google-cloud-binary_authorization-v1","stable","https://cloud.google.com/ruby/docs/reference/google-cloud-binary_authorization-v1/latest"
"91","RUBY","google-cloud-binary_authorization","stable","https://cloud.google.com/ruby/docs/reference/google-cloud-binary_authorization/latest"
"105","CPP","google-cloud-cpp::serviceusage::v1","stable","https://cloud.google.com/cpp/docs/reference/serviceusage/latest"
"105","JAVA","com.google.cloud:google-cloud-service-usage","stable","https://cloud.google.com/java/docs/reference/google-cloud-service-usage/latest/overview"
"105","NODEJS","@google-cloud/service-usage","stable","https://cloud.google.com/service-usage/docs/overview"
"105","PYTHON","google-cloud-service-usage","stable","https://cloud.google.com/python/docs/reference/serviceusage/latest"
"105","RUBY","google-cloud-service_usage-v1","stable","https://cloud.google.com/ruby/docs/reference/google-cloud-service_usage-v1/latest"
"105","RUBY","google-cloud-service_usage","stable","https://cloud.google.com/ruby/docs/reference/google-cloud-service_usage/latest"
"109","CPP","google-cloud-cpp::securitycenter::v2","stable","https://cloud.google.com/cpp/docs/reference/securitycenter/latest"
"109","CPP","google-cloud-cpp::securitycenter::v1","stable","https://cloud.google.com/cpp/docs/reference/securitycenter/latest"
"109","JAVA","com.google.cloud:google-cloud-securitycenter","stable","https://cloud.google.com/java/docs/reference/google-cloud-securitycenter/latest/overview"
"109","NODEJS","@google-cloud/security-center","stable","https://cloud.google.com/nodejs/docs/reference/security-center/latest"
"109","PYTHON","google-cloud-securitycentermanagement","preview","https://cloud.google.com/python/docs/reference/google-cloud-securitycentermanagement/latest"
"109","PYTHON","google-cloud-modelarmor","preview","https://cloud.google.com/python/docs/reference/google-cloud-modelarmor/latest"
"109","PYTHON","google-cloud-websecurityscanner","stable","https://cloud.google.com/python/docs/reference/websecurityscanner/latest"
"109","PYTHON","google-cloud-securitycenter","stable","https://cloud.google.com/python/docs/reference/securitycenter/latest"
"109","RUBY","google-cloud-security_center-v1p1beta1","preview","https://cloud.google.com/ruby/docs/reference/google-cloud-security_center-v1p1beta1/latest"
"109","RUBY","google-cloud-security_center-v2","stable","https://cloud.google.com/ruby/docs/reference/google-cloud-security_center-v2/latest"
"109","RUBY","google-cloud-security_center-v1","stable","https://cloud.google.com/ruby/docs/reference/google-cloud-security_center-v1/latest"
"109","RUBY","google-cloud-security_center","stable","https://cloud.google.com/ruby/docs/reference/google-cloud-security_center/latest"
"110","CPP","google-cloud-cpp::storagetransfer::v1","stable","https://cloud.google.com/cpp/docs/reference/storagetransfer/latest"
"110","JAVA","com.google.cloud:google-cloud-storage-transfer","stable","https://cloud.google.com/java/docs/reference/google-cloud-storage-transfer/latest/overview"
"110","NODEJS","@google-cloud/storage-transfer","stable","https://googleapis.dev/nodejs/storagetransfer/latest/index.html"
"110","PYTHON","google-cloud-storage-transfer","stable","https://cloud.google.com/python/docs/reference/storagetransfer/latest"
"110","RUBY","google-cloud-storage_transfer-v1","stable","https://cloud.google.com/ruby/docs/reference/google-cloud-storage_transfer-v1/latest"
"110","RUBY","google-cloud-storage_transfer","stable","https://cloud.google.com/ruby/docs/reference/google-cloud-storage_transfer/latest"
"111","CPP","google-cloud-cpp::asset::v1","stable","https://cloud.google.com/cpp/docs/reference/asset/latest"
"111","JAVA","com.google.cloud:google-cloud-asset","stable","https://cloud.google.com/java/docs/reference/google-cloud-asset/latest/overview"
"111","NODEJS","@google-cloud/asset","stable","https://cloud.google.com/nodejs/docs/reference/asset/latest"
"111","PYTHON","google-cloud-asset","stable","https://cloud.google.com/python/docs/reference/cloudasset/latest"
"111","RUBY","google-cloud-asset-v1","stable","https://cloud.google.com/ruby/docs/reference/google-cloud-asset-v1/latest"
"111","RUBY","google-cloud-asset","stable","https://cloud.google.com/ruby/docs/reference/google-cloud-asset/latest"
"134","CPP","google-cloud-cpp::scheduler::v1","stable","https://cloud.google.com/cpp/docs/reference/scheduler/latest"
"134","JAVA","com.google.cloud:google-cloud-scheduler","stable","https://cloud.google.com/java/docs/reference/google-cloud-scheduler/latest/overview"
"134","NODEJS","@google-cloud/scheduler","stable","https://cloud.google.com/nodejs/docs/reference/scheduler/latest"
"134","PYTHON","google-cloud-scheduler","stable","https://cloud.google.com/python/docs/reference/cloudscheduler/latest"
"134","RUBY","google-cloud-scheduler-v1beta1","preview","https://cloud.google.com/ruby/docs/reference/google-cloud-scheduler-v1beta1/latest"
"134","RUBY","google-cloud-scheduler-v1","stable","https://cloud.google.com/ruby/docs/reference/google-cloud-scheduler-v1/latest"
"134","RUBY","google-cloud-scheduler","stable","https://cloud.google.com/ruby/docs/reference/google-cloud-scheduler/latest"
"197","CPP","google-cloud-cpp::datacatalog::v1","stable","https://cloud.google.com/cpp/docs/reference/datacatalog/latest"
"197","JAVA","com.google.cloud:google-cloud-datacatalog","stable","https://cloud.google.com/java/docs/reference/google-cloud-datacatalog/latest/overview"
"197","NODEJS","@google-cloud/datacatalog","stable","https://cloud.google.com/nodejs/docs/reference/datacatalog/latest"
"197","PYTHON","google-cloud-datacatalog","stable","https://cloud.google.com/python/docs/reference/datacatalog/latest"
"197","RUBY","google-cloud-data_catalog-v1beta1","preview","https://cloud.google.com/ruby/docs/reference/google-cloud-data_catalog-v1beta1/latest"
"197","RUBY","google-cloud-data_catalog-v1","stable","https://cloud.google.com/ruby/docs/reference/google-cloud-data_catalog-v1/latest"
"197","RUBY","google-cloud-data_catalog","stable","https://cloud.google.com/ruby/docs/reference/google-cloud-data_catalog/latest"
"198","JAVA","com.google.cloud:google-cloud-datalabeling","preview","https://cloud.google.com/java/docs/reference/google-cloud-datalabeling/latest/overview"
"198","NODEJS","@google-cloud/datalabeling","preview","https://cloud.google.com/nodejs/docs/reference/datalabeling/latest"
"198","PYTHON","google-cloud-datalabeling","preview","https://cloud.google.com/python/docs/reference/datalabeling/latest"
"198","RUBY","google-cloud-data_labeling-v1beta1","preview","https://cloud.google.com/ruby/docs/reference/google-cloud-data_labeling-v1beta1/latest"
"198","RUBY","google-cloud-data_labeling","preview","https://cloud.google.com/ruby/docs/reference/google-cloud-data_labeling/latest"
"226","CPP","google-cloud-cpp::documentai::v1","stable","https://cloud.google.com/cpp/docs/reference/documentai/latest"
"226","JAVA","com.google.cloud:google-cloud-document-ai","stable","https://cloud.google.com/java/docs/reference/google-cloud-document-ai/latest/overview"
"226","NODEJS","@google-cloud/documentai","stable","https://cloud.google.com/nodejs/docs/reference/documentai/latest"
"226","PYTHON","google-cloud-documentai","stable","https://cloud.google.com/python/docs/reference/documentai/latest"
"226","RUBY","google-cloud-document_ai-v1beta3","preview","https://cloud.google.com/ruby/docs/reference/google-cloud-document_ai-v1beta3/latest"
"226","RUBY","google-cloud-document_ai-v1","stable","https://cloud.google.com/ruby/docs/reference/google-cloud-document_ai-v1/latest"
"226","RUBY","google-cloud-document_ai","stable","https://cloud.google.com/ruby/docs/reference/google-cloud-document_ai/latest"
"238","CPP","google-cloud-cpp::tpu::v2","stable","https://cloud.google.com/cpp/docs/reference/tpu/latest"
"238","CPP","google-cloud-cpp::tpu::v1","stable","https://cloud.google.com/cpp/docs/reference/tpu/latest"
"238","JAVA","com.google.cloud:google-cloud-tpu","stable","https://cloud.google.com/java/docs/reference/google-cloud-tpu/latest/overview"
"238","NODEJS","@google-cloud/tpu","stable","https://cloud.google.com/nodejs/docs/reference/tpu/latest"
"238","PYTHON","google-cloud-tpu","stable","https://cloud.google.com/python/docs/reference/tpu/latest"
"238","RUBY","google-cloud-tpu-v1","stable","https://cloud.google.com/ruby/docs/reference/google-cloud-tpu-v1/latest"
"238","RUBY","google-cloud-tpu","stable","https://cloud.google.com/ruby/docs/reference/google-cloud-tpu/latest"
"242","CPP","google-cloud-cpp::datafusion::v1","stable","https://cloud.google.com/cpp/docs/reference/datafusion/latest"
"242","JAVA","com.google.cloud:google-cloud-data-fusion","stable","https://cloud.google.com/java/docs/reference/google-cloud-data-fusion/latest/overview"
"242","NODEJS","@google-cloud/data-fusion","stable","https://cloud.google.com/nodejs/docs/reference/data-fusion/latest"
"242","PYTHON","google-cloud-data-fusion","stable","https://cloud.google.com/python/docs/reference/datafusion/latest"
"242","RUBY","google-cloud-data_fusion-v1","stable","https://cloud.google.com/ruby/docs/reference/google-cloud-data_fusion-v1/latest"
"242","RUBY","google-cloud-data_fusion","stable","https://cloud.google.com/ruby/docs/reference/google-cloud-data_fusion/latest"
"250","CPP","google-cloud-cpp::managedidentities::v1","stable","https://cloud.google.com/cpp/docs/reference/managedidentities/latest"
"250","JAVA","com.google.cloud:google-cloud-managed-identities","stable","https://cloud.google.com/java/docs/reference/google-cloud-managed-identities/latest/overview"
"250","NODEJS","@google-cloud/managed-identities","stable","https://cloud.google.com/nodejs/docs/reference/managed-identities/latest"
"250","PYTHON","google-cloud-managed-identities","stable","https://cloud.google.com/python/docs/reference/managedidentities/latest"
"250","RUBY","google-cloud-managed_identities-v1","stable","https://cloud.google.com/ruby/docs/reference/google-cloud-managed_identities-v1/latest"
"250","RUBY","google-cloud-managed_identities","stable","https://cloud.google.com/ruby/docs/reference/google-cloud-managed_identities/latest"
"251","CPP","google-cloud-cpp::webrisk::v1","stable","https://cloud.google.com/cpp/docs/reference/webrisk/latest"
"251","JAVA","com.google.cloud:google-cloud-webrisk","stable","https://cloud.google.com/java/docs/reference/google-cloud-webrisk/latest/overview"
"251","NODEJS","@google-cloud/web-risk","stable","https://googleapis.dev/nodejs/web-risk/latest"
"251","PYTHON","google-cloud-webrisk","stable","https://cloud.google.com/python/docs/reference/webrisk/latest"
"251","RUBY","google-cloud-web_risk-v1beta1","preview","https://cloud.google.com/ruby/docs/reference/google-cloud-web_risk-v1beta1/latest"
"251","RUBY","google-cloud-web_risk-v1","stable","https://cloud.google.com/ruby/docs/reference/google-cloud-web_risk-v1/latest"
"251","RUBY","google-cloud-web_risk","stable","https://cloud.google.com/ruby/docs/reference/google-cloud-web_risk/latest"
"259","CPP","google-cloud-cpp::vpcaccess::v1","stable","https://cloud.google.com/cpp/docs/reference/vpcaccess/latest"
"259","JAVA","com.google.cloud:google-cloud-vpcaccess","stable","https://cloud.google.com/java/docs/reference/google-cloud-vpcaccess/latest/overview"
"259","NODEJS","@google-cloud/vpc-access","stable","https://cloud.google.com/nodejs/docs/reference/vpc-access/latest"
"259","PYTHON","google-cloud-vpc-access","stable","https://cloud.google.com/python/docs/reference/vpcaccess/latest"
"259","RUBY","google-cloud-vpc_access-v1","stable","https://cloud.google.com/ruby/docs/reference/google-cloud-vpc_access-v1/latest"
"259","RUBY","google-cloud-vpc_access","stable","https://cloud.google.com/ruby/docs/reference/google-cloud-vpc_access/latest"
"266","CPP","google-cloud-cpp::apigateway::v1","stable","https://cloud.google.com/cpp/docs/reference/apigateway/latest"
"266","JAVA","com.google.cloud:google-cloud-api-gateway","stable","https://cloud.google.com/java/docs/reference/google-cloud-api-gateway/latest/overview"
"266","NODEJS","@google-cloud/api-gateway","stable","https://cloud.google.com/nodejs/docs/reference/api-gateway/latest"
"266","PYTHON","google-cloud-api-gateway","stable","https://cloud.google.com/python/docs/reference/apigateway/latest"
"266","RUBY","google-cloud-api_gateway-v1","stable","https://cloud.google.com/ruby/docs/reference/google-cloud-api_gateway-v1/latest"
"266","RUBY","google-cloud-api_gateway","stable","https://cloud.google.com/ruby/docs/reference/google-cloud-api_gateway/latest"
"267","CPP","google-cloud-cpp::recommender::v1","stable","https://cloud.google.com/cpp/docs/reference/recommender/latest"
"267","JAVA","com.google.cloud:google-cloud-recommender","stable","https://cloud.google.com/java/docs/reference/google-cloud-recommender/latest/overview"
"267","NODEJS","@google-cloud/recommender","stable","https://cloud.google.com/nodejs/docs/reference/recommender/latest"
"267","PYTHON","google-cloud-recommender","stable","https://cloud.google.com/python/docs/reference/recommender/latest"
"267","RUBY","google-cloud-recommender-v1","stable","https://cloud.google.com/ruby/docs/reference/google-cloud-recommender-v1/latest"
"267","RUBY","google-cloud-recommender","stable","https://cloud.google.com/ruby/docs/reference/google-cloud-recommender/latest"
"269","CPP","google-cloud-cpp::notebooks::v2","stable","https://cloud.google.com/cpp/docs/reference/notebooks/latest"
"269","CPP","google-cloud-cpp::notebooks::v1","stable","https://cloud.google.com/cpp/docs/reference/notebooks/latest"
"269","JAVA","com.google.cloud:google-cloud-notebooks","stable","https://cloud.google.com/java/docs/reference/google-cloud-notebooks/latest/overview"
"269","NODEJS","@google-cloud/notebooks","stable","https://cloud.google.com/nodejs/docs/reference/notebooks/latest"
"269","PYTHON","google-cloud-notebooks","stable","https://cloud.google.com/python/docs/reference/notebooks/latest"
"269","RUBY","google-cloud-notebooks-v1beta1","preview","https://cloud.google.com/ruby/docs/reference/google-cloud-notebooks-v1beta1/latest"
"269","RUBY","google-cloud-notebooks-v2","stable","https://cloud.google.com/ruby/docs/reference/google-cloud-notebooks-v2/latest"
"269","RUBY","google-cloud-notebooks-v1","stable","https://cloud.google.com/ruby/docs/reference/google-cloud-notebooks-v1/latest"
"269","RUBY","google-cloud-notebooks","stable","https://cloud.google.com/ruby/docs/reference/google-cloud-notebooks/latest"
"271","CPP","google-cloud-cpp::artifactregistry::v1","stable","https://cloud.google.com/cpp/docs/reference/artifactregistry/latest"
"271","JAVA","com.google.cloud:google-cloud-artifact-registry","stable","https://cloud.google.com/java/docs/reference/google-cloud-artifact-registry/latest/overview"
"271","NODEJS","@google-cloud/artifact-registry","stable","https://cloud.google.com/nodejs/docs/reference/artifact-registry/latest"
"271","PYTHON","google-cloud-artifact-registry","stable","https://cloud.google.com/python/docs/reference/artifactregistry/latest"
"271","RUBY","google-cloud-artifact_registry-v1beta2","preview","https://cloud.google.com/ruby/docs/reference/google-cloud-artifact_registry-v1beta2/latest"
"271","RUBY","google-cloud-artifact_registry-v1","stable","https://cloud.google.com/ruby/docs/reference/google-cloud-artifact_registry-v1/latest"
"271","RUBY","google-cloud-artifact_registry","stable","https://cloud.google.com/ruby/docs/reference/google-cloud-artifact_registry/latest"
"282","CPP","google-cloud-cpp::memcache::v1","stable","https://cloud.google.com/cpp/docs/reference/memcache/latest"
"282","JAVA","com.google.cloud:google-cloud-memcache","stable","https://cloud.google.com/java/docs/reference/google-cloud-memcache/latest/overview"
"282","NODEJS","@google-cloud/memcache","stable","https://cloud.google.com/nodejs/docs/reference/memcache/latest"
"282","PYTHON","google-cloud-memcache","stable","https://cloud.google.com/python/docs/reference/memcache/latest"
"282","RUBY","google-cloud-memcache-v1beta2","preview","https://cloud.google.com/ruby/docs/reference/google-cloud-memcache-v1beta2/latest"
"282","RUBY","google-cloud-memcache-v1","stable","https://cloud.google.com/ruby/docs/reference/google-cloud-memcache-v1/latest"
"282","RUBY","google-cloud-memcache","stable","https://cloud.google.com/ruby/docs/reference/google-cloud-memcache/latest"
"286","JAVA","com.google.cloud:google-cloud-life-sciences","preview","https://cloud.google.com/java/docs/reference/google-cloud-life-sciences/latest/overview"
"286","NODEJS","@google-cloud/life-sciences","preview","https://cloud.google.com/nodejs/docs/reference/life-sciences/latest"
"286","PYTHON","google-cloud-life-sciences","preview","https://cloud.google.com/python/docs/reference/lifesciences/latest"
"286","RUBY","google-cloud-life_sciences-v2beta","preview","https://cloud.google.com/ruby/docs/reference/google-cloud-life_sciences-v2beta/latest"
"286","RUBY","google-cloud-life_sciences","preview","https://cloud.google.com/ruby/docs/reference/google-cloud-life_sciences/latest"
"291","CPP","google-cloud-cpp::shell::v1","stable","https://cloud.google.com/cpp/docs/reference/shell/latest"
"291","JAVA","com.google.cloud:google-cloud-shell","stable","https://cloud.google.com/java/docs/reference/google-cloud-shell/latest/overview"
"291","NODEJS","@google-cloud/shell","stable","https://cloud.google.com/nodejs/docs/reference/shell/latest"
"291","PYTHON","google-cloud-shell","stable","https://cloud.google.com/python/docs/reference/cloudshell/latest"
"291","RUBY","google-cloud-shell-v1","stable","https://cloud.google.com/ruby/docs/reference/google-cloud-shell-v1/latest"
"291","RUBY","google-cloud-shell","stable","https://cloud.google.com/ruby/docs/reference/google-cloud-shell/latest"
"296","CPP","google-cloud-cpp::appengine::v1","stable","https://cloud.google.com/cpp/docs/reference/appengine/latest"
"296","JAVA","com.google.cloud:google-cloud-appengine-admin","stable","https://cloud.google.com/java/docs/reference/google-cloud-appengine-admin/latest/overview"
"296","NODEJS","@google-cloud/appengine-admin","stable","https://cloud.google.com/nodejs/docs/reference/appengine-admin/latest"
"296","PYTHON","google-cloud-appengine-admin","stable","https://cloud.google.com/python/docs/reference/appengine/latest"
"296","RUBY","google-cloud-app_engine-v1","stable","https://cloud.google.com/ruby/docs/reference/google-cloud-app_engine-v1/latest"
"296","RUBY","google-cloud-app_engine","stable","https://cloud.google.com/ruby/docs/reference/google-cloud-app_engine/latest"
"308","CPP","google-cloud-cpp::accessapproval::v1","stable","https://cloud.google.com/cpp/docs/reference/accessapproval/latest"
"308","JAVA","com.google.cloud:google-cloud-accessapproval","stable","https://cloud.google.com/java/docs/reference/google-cloud-accessapproval/latest/overview"
"308","NODEJS","@google-cloud/access-approval","stable","https://cloud.google.com/nodejs/docs/reference/access-approval/latest"
"308","PYTHON","google-cloud-access-approval","stable","https://cloud.google.com/python/docs/reference/accessapproval/latest"
"308","RUBY","google-cloud-access_approval-v1","stable","https://cloud.google.com/ruby/docs/reference/google-cloud-access_approval-v1/latest"
"308","RUBY","google-cloud-access_approval","stable","https://cloud.google.com/ruby/docs/reference/google-cloud-access_approval/latest"
"311","CPP","google-cloud-cpp::secretmanager::v1","stable","https://cloud.google.com/cpp/docs/reference/secretmanager/latest"
"311","JAVA","com.google.cloud:google-cloud-secretmanager","stable","https://cloud.google.com/java/docs/reference/google-cloud-secretmanager/latest/overview"
"311","NODEJS","@google-cloud/secret-manager","stable","https://cloud.google.com/nodejs/docs/reference/secret-manager/latest"
"311","PYTHON","google-cloud-secret-manager","stable","https://cloud.google.com/python/docs/reference/secretmanager/latest"
"311","RUBY","google-cloud-secret_manager-v1beta2","preview","https://cloud.google.com/ruby/docs/reference/google-cloud-secret_manager-v1beta2/latest"
"311","RUBY","google-cloud-secret_manager-v1beta1","preview","https://cloud.google.com/ruby/docs/reference/google-cloud-secret_manager-v1beta1/latest"
"311","RUBY","google-cloud-secret_manager-v1","stable","https://cloud.google.com/ruby/docs/reference/google-cloud-secret_manager-v1/latest"
"311","RUBY","google-cloud-secret_manager","stable","https://cloud.google.com/ruby/docs/reference/google-cloud-secret_manager/latest"
"354","CPP","google-cloud-cpp::billing::budgets::v1","stable","https://cloud.google.com/cpp/docs/reference/billing/latest"
"354","JAVA","com.google.cloud:google-cloud-billingbudgets","stable","https://cloud.google.com/java/docs/reference/google-cloud-billingbudgets/latest/overview"
"354","NODEJS","@google-cloud/billing-budgets","stable","https://cloud.google.com/nodejs/docs/reference/billing-budgets/latest"
"354","PYTHON","google-cloud-billing-budgets","stable","https://cloud.google.com/python/docs/reference/billingbudgets/latest"
"354","RUBY","google-cloud-billing-budgets-v1beta1","preview","https://cloud.google.com/ruby/docs/reference/google-cloud-billing-budgets-v1beta1/latest"
"354","RUBY","google-cloud-billing-budgets-v1","stable","https://cloud.google.com/ruby/docs/reference/google-cloud-billing-budgets-v1/latest"
"354","RUBY","google-cloud-billing-budgets","stable","https://cloud.google.com/ruby/docs/reference/google-cloud-billing-budgets/latest"
"359","CPP","google-cloud-cpp::bigquery::connection::v1","stable","https://cloud.google.com/cpp/docs/reference/bigquery/latest"
"359","JAVA","com.google.cloud:google-cloud-bigqueryconnection","stable","https://cloud.google.com/bigquery/docs/reference/reservations/rpc/google.cloud.bigquery.reservation.v1beta1"
"359","NODEJS","@google-cloud/bigquery-connection","stable","https://cloud.google.com/nodejs/docs/reference/bigquery-connection/latest"
"359","PYTHON","google-cloud-bigquery-connection","stable","https://cloud.google.com/python/docs/reference/bigqueryconnection/latest"
"359","RUBY","google-cloud-bigquery-connection-v1","stable","https://cloud.google.com/ruby/docs/reference/google-cloud-bigquery-connection-v1/latest"
"359","RUBY","google-cloud-bigquery-connection","stable","https://cloud.google.com/ruby/docs/reference/google-cloud-bigquery-connection/latest"
"360","CPP","google-cloud-cpp::bigquery::reservation::v1","stable","https://cloud.google.com/cpp/docs/reference/bigquery/latest"
"360","JAVA","com.google.cloud:google-cloud-bigqueryreservation","stable","https://cloud.google.com/java/docs/reference/google-cloud-bigqueryreservation/latest/overview"
"360","NODEJS","@google-cloud/bigquery-reservation","stable","https://cloud.google.com/nodejs/docs/reference/bigquery-reservation/latest"
"360","PYTHON","google-cloud-bigquery-reservation","stable","https://cloud.google.com/python/docs/reference/bigqueryreservation/latest"
"360","RUBY","google-cloud-bigquery-reservation-v1","stable","https://cloud.google.com/ruby/docs/reference/google-cloud-bigquery-reservation-v1/latest"
"360","RUBY","google-cloud-bigquery-reservation","stable","https://cloud.google.com/ruby/docs/reference/google-cloud-bigquery-reservation/latest"
"361","RUBY","google-cloud-bigtable-admin-v2","stable","https://cloud.google.com/ruby/docs/reference/google-cloud-bigtable-admin-v2/latest"
"362","CPP","google-cloud-cpp::container::v1","stable","https://cloud.google.com/cpp/docs/reference/container/latest"
"362","GO","cloud.google.com/go","alpha","https://godoc.org/cloud.google.com/go/container/apiv1"
"362","JAVA","com.google.cloud:google-cloud-container","stable","https://cloud.google.com/java/docs/reference/google-cloud-container/latest/overview"
"362","NODEJS","@google-cloud/container","stable","https://cloud.google.com/nodejs/docs/reference/container/latest"
"362","PYTHON","google-cloud-container","stable","https://cloud.google.com/python/docs/reference/container/latest"
"362","RUBY","google-cloud-container-v1beta1","preview","https://cloud.google.com/ruby/docs/reference/google-cloud-container-v1beta1/latest"
"362","RUBY","google-cloud-container-v1","stable","https://cloud.google.com/ruby/docs/reference/google-cloud-container-v1/latest"
"362","RUBY","google-cloud-container","stable","https://cloud.google.com/ruby/docs/reference/google-cloud-container/latest"
"363","CPP","google-cloud-cpp::iam::credentials::v1","stable","https://cloud.google.com/cpp/docs/reference/iam/latest"
"363","JAVA","com.google.cloud:google-cloud-iamcredentials","stable","https://cloud.google.com/java/docs/reference/google-cloud-iamcredentials/latest/overview"
"363","NODEJS","@google-cloud/iam-credentials","stable","https://cloud.google.com/nodejs/docs/reference/iam-credentials/latest"
"363","RUBY","google-iam-credentials-v1","stable","https://cloud.google.com/ruby/docs/reference/google-iam-credentials-v1/latest"
"363","RUBY","google-iam-credentials","stable","https://cloud.google.com/ruby/docs/reference/google-iam-credentials/latest"
"365","CPP","google-cloud-cpp::assuredworkloads::v1","stable","https://cloud.google.com/cpp/docs/reference/assuredworkloads/latest"
"365","JAVA","com.google.cloud:google-cloud-assured-workloads","stable","https://cloud.google.com/java/docs/reference/google-cloud-assured-workloads/latest/overview"
"365","NODEJS","@google-cloud/assured-workloads","stable","https://cloud.google.com/nodejs/docs/reference/assured-workloads/latest"
"365","PYTHON","google-cloud-assured-workloads","stable","https://cloud.google.com/python/docs/reference/assuredworkloads/latest"
"365","RUBY","google-cloud-assured_workloads-v1beta1","preview","https://cloud.google.com/ruby/docs/reference/google-cloud-assured_workloads-v1beta1/latest"
"365","RUBY","google-cloud-assured_workloads-v1","stable","https://cloud.google.com/ruby/docs/reference/google-cloud-assured_workloads-v1/latest"
"365","RUBY","google-cloud-assured_workloads","stable","https://cloud.google.com/ruby/docs/reference/google-cloud-assured_workloads/latest"
"367","CPP","google-cloud-cpp::eventarc::v1","stable","https://cloud.google.com/cpp/docs/reference/eventarc/latest"
"367","JAVA","com.google.cloud:google-cloud-eventarc","stable","https://cloud.google.com/java/docs/reference/google-cloud-eventarc/latest/overview"
"367","NODEJS","@google-cloud/eventarc","stable","https://cloud.google.com/nodejs/docs/reference/eventarc/latest"
"367","PYTHON","google-cloud-eventarc","stable","https://cloud.google.com/python/docs/reference/eventarc/latest"
"367","RUBY","google-cloud-eventarc-v1","stable","https://cloud.google.com/ruby/docs/reference/google-cloud-eventarc-v1/latest"
"367","RUBY","google-cloud-eventarc","stable","https://cloud.google.com/ruby/docs/reference/google-cloud-eventarc/latest"
"369","CPP","google-cloud-cpp::osconfig::agentendpoint::v1","stable","https://cloud.google.com/cpp/docs/reference/osconfig/latest"
"369","CPP","google-cloud-cpp::osconfig::v1","stable","https://cloud.google.com/cpp/docs/reference/osconfig/latest"
"369","JAVA","com.google.cloud:google-cloud-os-config","stable","https://cloud.google.com/java/docs/reference/google-cloud-os-config/latest/overview"
"369","NODEJS","@google-cloud/os-config","stable","https://cloud.google.com/nodejs/docs/reference/os-config/latest"
"369","PYTHON","google-cloud-os-config","stable","https://cloud.google.com/python/docs/reference/osconfig/latest"
"369","RUBY","google-cloud-os_config-v1alpha","preview","https://cloud.google.com/ruby/docs/reference/google-cloud-os_config-v1alpha/latest"
"369","RUBY","google-cloud-os_config-v1","stable","https://cloud.google.com/ruby/docs/reference/google-cloud-os_config-v1/latest"
"369","RUBY","google-cloud-os_config","stable","https://cloud.google.com/ruby/docs/reference/google-cloud-os_config/latest"
"371","CPP","google-cloud-cpp::workflows::v1","stable","https://cloud.google.com/cpp/docs/reference/workflows/latest"
"371","JAVA","com.google.cloud:google-cloud-workflows","stable","https://cloud.google.com/java/docs/reference/google-cloud-workflows/latest/overview"
"371","PYTHON","google-cloud-workflows","stable","https://cloud.google.com/python/docs/reference/workflows/latest"
"371","RUBY","google-cloud-workflows-v1beta","preview","https://cloud.google.com/ruby/docs/reference/google-cloud-workflows-v1beta/latest"
"371","RUBY","google-cloud-workflows-v1","stable","https://cloud.google.com/ruby/docs/reference/google-cloud-workflows-v1/latest"
"371","RUBY","google-cloud-workflows","stable","https://cloud.google.com/ruby/docs/reference/google-cloud-workflows/latest"
"373","CPP","google-cloud-cpp::pubsublite","preview","https://cloud.google.com/cpp/docs/reference/pubsublite/latest"
"373","JAVA","com.google.cloud:pubsublite-spark-sql-streaming","stable","https://cloud.google.com/java/docs/reference/pubsublite-spark-sql-streaming/latest/history"
"373","JAVA","com.google.cloud:google-cloud-pubsublite","stable","https://cloud.google.com/java/docs/reference/google-cloud-pubsublite/latest/history"
"373","JAVA","com.google.cloud:pubsublite-kafka","stable","https://cloud.google.com/java/docs/reference/pubsublite-kafka/latest/history"
"373","PYTHON","google-cloud-pubsublite","stable","https://cloud.google.com/python/docs/reference/pubsublite/latest"
"376","CPP","google-cloud-cpp::metastore::v1","stable","https://cloud.google.com/cpp/docs/reference/metastore/latest"
"376","JAVA","com.google.cloud:google-cloud-dataproc-metastore","stable","https://cloud.google.com/java/docs/reference/google-cloud-dataproc-metastore/latest/overview"
"376","NODEJS","@google-cloud/dataproc-metastore","stable","https://cloud.google.com/nodejs/docs/reference/dataproc-metastore/latest"
"376","PYTHON","google-cloud-dataproc-metastore","stable","https://cloud.google.com/python/docs/reference/metastore/latest"
"376","RUBY","google-cloud-metastore-v1beta","preview","https://cloud.google.com/ruby/docs/reference/google-cloud-metastore-v1beta/latest"
"376","RUBY","google-cloud-metastore-v1","stable","https://cloud.google.com/ruby/docs/reference/google-cloud-metastore-v1/latest"
"376","RUBY","google-cloud-metastore","stable","https://cloud.google.com/ruby/docs/reference/google-cloud-metastore/latest"
"378","CPP","google-cloud-cpp::datamigration::v1","stable","https://cloud.google.com/cpp/docs/reference/datamigration/latest"
"378","JAVA","com.google.cloud:google-cloud-dms","stable","https://cloud.google.com/java/docs/reference/google-cloud-dms/latest/overview"
"378","NODEJS","@google-cloud/dms","stable","https://cloud.google.com/nodejs/docs/reference/dms/latest"
"378","PYTHON","google-cloud-dms","stable","https://cloud.google.com/python/docs/reference/datamigration/latest"
"378","RUBY","google-cloud-cloud_dms-v1","stable","https://cloud.google.com/ruby/docs/reference/google-cloud-cloud_dms-v1/latest"
"378","RUBY","google-cloud-cloud_dms","stable","https://cloud.google.com/ruby/docs/reference/google-cloud-cloud_dms/latest"
"402","CPP","google-cloud-cpp::domains::v1","stable","https://cloud.google.com/cpp/docs/reference/domains/latest"
"402","JAVA","com.google.cloud:google-cloud-domains","stable","https://cloud.google.com/java/docs/reference/google-cloud-domains/latest/overview"
"402","NODEJS","@google-cloud/domains","stable","https://cloud.google.com/nodejs/docs/reference/domains/latest"
"402","PYTHON","google-cloud-domains","stable","https://cloud.google.com/python/docs/reference/domains/latest"
"402","RUBY","google-cloud-domains-v1beta1","preview","https://cloud.google.com/ruby/docs/reference/google-cloud-domains-v1beta1/latest"
"402","RUBY","google-cloud-domains-v1","stable","https://cloud.google.com/ruby/docs/reference/google-cloud-domains-v1/latest"
"402","RUBY","google-cloud-domains","stable","https://cloud.google.com/ruby/docs/reference/google-cloud-domains/latest"
"415","CPP","google-cloud-cpp::networkconnectivity::v1","stable","https://cloud.google.com/cpp/docs/reference/networkconnectivity/latest"
"415","JAVA","com.google.cloud:google-cloud-networkconnectivity","stable","https://cloud.google.com/java/docs/reference/google-cloud-networkconnectivity/latest/overview"
"415","NODEJS","@google-cloud/network-connectivity","stable","https://cloud.google.com/nodejs/docs/reference/network-connectivity/latest"
"415","PYTHON","google-cloud-network-connectivity","stable","https://cloud.google.com/python/docs/reference/networkconnectivity/latest"
"415","RUBY","google-cloud-network_connectivity-v1alpha1","preview","https://cloud.google.com/ruby/docs/reference/google-cloud-network_connectivity-v1alpha1/latest"
"415","RUBY","google-cloud-network_connectivity-v1","stable","https://cloud.google.com/ruby/docs/reference/google-cloud-network_connectivity-v1/latest"
"415","RUBY","google-cloud-network_connectivity","stable","https://cloud.google.com/ruby/docs/reference/google-cloud-network_connectivity/latest"
"417","CPP","google-cloud-cpp::privateca::v1","stable","https://cloud.google.com/cpp/docs/reference/privateca/latest"
"417","JAVA","com.google.cloud:google-cloud-security-private-ca","stable","https://cloud.google.com/java/docs/reference/google-cloud-security-private-ca/latest/overview"
"417","NODEJS","@google-cloud/security-private-ca","stable","https://cloud.google.com/nodejs/docs/reference/security-private-ca/latest"
"417","PYTHON","google-cloud-private-ca","stable","https://cloud.google.com/python/docs/reference/privateca/latest"
"417","RUBY","google-cloud-security-private_ca-v1beta1","preview","https://cloud.google.com/ruby/docs/reference/google-cloud-security-private_ca-v1beta1/latest"
"417","RUBY","google-cloud-security-private_ca-v1","stable","https://cloud.google.com/ruby/docs/reference/google-cloud-security-private_ca-v1/latest"
"417","RUBY","google-cloud-security-private_ca","stable","https://cloud.google.com/ruby/docs/reference/google-cloud-security-private_ca/latest"
"432","CPP","google-cloud-cpp::policytroubleshooter::iam::v3","stable","https://cloud.google.com/cpp/docs/reference/policytroubleshooter/latest"
"432","CPP","google-cloud-cpp::policytroubleshooter::v1","stable","https://cloud.google.com/cpp/docs/reference/policytroubleshooter/latest"
"432","JAVA","com.google.cloud:google-cloud-policy-troubleshooter","stable","https://cloud.google.com/java/docs/reference/google-cloud-policy-troubleshooter/latest/overview"
"432","NODEJS","@google-cloud/policy-troubleshooter-iam","preview","https://cloud.google.com/nodejs/docs/reference/iam/latest"
"432","NODEJS","@google-cloud/policy-troubleshooter","stable","https://cloud.google.com/nodejs/docs/reference/policy-troubleshooter/latest"
"432","PYTHON","google-cloud-policytroubleshooter-iam","preview","https://cloud.google.com/python/docs/reference/policytroubleshooter-iam/latest"
"432","PYTHON","google-cloud-policy-troubleshooter","stable","https://cloud.google.com/python/docs/reference/policytroubleshooter/latest"
"432","RUBY","google-cloud-policy_troubleshooter-iam-v3","preview","https://cloud.google.com/ruby/docs/reference/google-cloud-policy_troubleshooter-iam-v3/latest"
"432","RUBY","google-cloud-policy_troubleshooter-v1","stable","https://cloud.google.com/ruby/docs/reference/google-cloud-policy_troubleshooter-v1/latest"
"432","RUBY","google-cloud-policy_troubleshooter","stable","https://cloud.google.com/ruby/docs/reference/google-cloud-policy_troubleshooter/latest"
"434","CPP","google-cloud-cpp::servicecontrol::v1","stable","https://cloud.google.com/cpp/docs/reference/servicecontrol/latest"
"434","CPP","google-cloud-cpp::servicecontrol::v2","stable","https://cloud.google.com/cpp/docs/reference/servicecontrol/latest"
"434","JAVA","com.google.cloud:google-cloud-service-control","stable","https://cloud.google.com/java/docs/reference/google-cloud-service-control/latest/overview"
"434","NODEJS","@google-cloud/service-control","stable","https://cloud.google.com/nodejs/docs/reference/service-control/latest"
"434","PYTHON","google-cloud-service-control","stable","https://cloud.google.com/python/docs/reference/servicecontrol/latest"
"434","RUBY","google-cloud-service_control-v1","stable","https://cloud.google.com/ruby/docs/reference/google-cloud-service_control-v1/latest"
"434","RUBY","google-cloud-service_control","stable","https://cloud.google.com/ruby/docs/reference/google-cloud-service_control/latest"
"435","CPP","google-cloud-cpp::servicemanagement::v1","stable","https://cloud.google.com/cpp/docs/reference/servicemanagement/latest"
"435","JAVA","com.google.cloud:google-cloud-service-management","stable","https://cloud.google.com/java/docs/reference/google-cloud-service-management/latest/overview"
"435","NODEJS","@google-cloud/service-management","stable","https://cloud.google.com/nodejs/docs/reference/service-management/latest"
"435","PYTHON","google-cloud-service-management","stable","https://cloud.google.com/python/docs/reference/servicemanagement/latest"
"435","RUBY","google-cloud-service_management-v1","stable","https://cloud.google.com/ruby/docs/reference/google-cloud-service_management-v1/latest"
"435","RUBY","google-cloud-service_management","stable","https://cloud.google.com/ruby/docs/reference/google-cloud-service_management/latest"
"436","CPP","google-cloud-cpp::workflows::executions::v1","stable","https://cloud.google.com/cpp/docs/reference/workflows/latest"
"436","JAVA","com.google.cloud:google-cloud-workflow-executions","stable","https://cloud.google.com/java/docs/reference/google-cloud-workflow-executions/latest/overview"
"436","NODEJS","@google-cloud/workflows","stable","https://cloud.google.com/nodejs/docs/reference/workflows/latest"
"436","RUBY","google-cloud-workflows-executions-v1beta","preview","https://cloud.google.com/ruby/docs/reference/google-cloud-workflows-executions-v1beta/latest"
"436","RUBY","google-cloud-workflows-executions-v1","stable","https://cloud.google.com/ruby/docs/reference/google-cloud-workflows-executions-v1/latest"
"452","CPP","google-cloud-cpp::dataplex::v1","stable","https://cloud.google.com/cpp/docs/reference/dataplex/latest"
"452","JAVA","com.google.cloud:google-cloud-dataplex","stable","https://cloud.google.com/java/docs/reference/google-cloud-dataplex/latest/overview"
"452","NODEJS","@google-cloud/dataplex","stable","https://cloud.google.com/dataplex"
"452","PYTHON","google-cloud-dataplex","stable","https://cloud.google.com/python/docs/reference/dataplex/latest"
"452","RUBY","google-cloud-dataplex-v1","stable","https://cloud.google.com/ruby/docs/reference/google-cloud-dataplex-v1/latest"
"452","RUBY","google-cloud-dataplex","stable","https://cloud.google.com/ruby/docs/reference/google-cloud-dataplex/latest"
"454","CPP","google-cloud-cpp::retail::v2","stable","https://cloud.google.com/cpp/docs/reference/retail/latest"
"454","JAVA","com.google.cloud:google-cloud-retail","stable","https://cloud.google.com/java/docs/reference/google-cloud-retail/latest/overview"
"454","NODEJS","@google-cloud/retail","stable","https://cloud.google.com/nodejs/docs/reference/retail/latest"
"454","PYTHON","google-cloud-retail","stable","https://cloud.google.com/python/docs/reference/retail/latest"
"454","RUBY","google-cloud-retail-v2","stable","https://cloud.google.com/ruby/docs/reference/google-cloud-retail-v2/latest"
"454","RUBY","google-cloud-retail","stable","https://cloud.google.com/ruby/docs/reference/google-cloud-retail/latest"
"456","CPP","google-cloud-cpp::gkehub::v1","stable","https://cloud.google.com/cpp/docs/reference/gkehub/latest"
"456","JAVA","com.google.cloud:google-cloud-gkehub","stable","https://cloud.google.com/java/docs/reference/google-cloud-gkehub/latest/overview"
"456","NODEJS","@google-cloud/gke-hub","stable","https://cloud.google.com/nodejs/docs/reference/gke-hub/latest"
"456","PYTHON","google-cloud-gke-hub","stable","https://cloud.google.com/python/docs/reference/gkehub/latest"
"456","RUBY","google-cloud-gke_hub-v1beta1","preview","https://cloud.google.com/ruby/docs/reference/google-cloud-gke_hub-v1beta1/latest"
"456","RUBY","google-cloud-gke_hub-v1","stable","https://cloud.google.com/ruby/docs/reference/google-cloud-gke_hub-v1/latest"
"456","RUBY","google-cloud-gke_hub","stable","https://cloud.google.com/ruby/docs/reference/google-cloud-gke_hub/latest"
"468","CPP","google-cloud-cpp::deploy::v1","stable","https://cloud.google.com/cpp/docs/reference/deploy/latest"
"468","JAVA","com.google.cloud:google-cloud-deploy","stable","https://cloud.google.com/java/docs/reference/google-cloud-deploy/latest/overview"
"468","NODEJS","@google-cloud/deploy","stable","https://cloud.google.com/nodejs/docs/reference/deploy/latest"
"468","PYTHON","google-cloud-deploy","stable","https://cloud.google.com/python/docs/reference/clouddeploy/latest"
"468","RUBY","google-cloud-deploy-v1","stable","https://cloud.google.com/ruby/docs/reference/google-cloud-deploy-v1/latest"
"468","RUBY","google-cloud-deploy","stable","https://cloud.google.com/ruby/docs/reference/google-cloud-deploy/latest"
"482","CPP","google-cloud-cpp::essentialcontacts::v1","stable","https://cloud.google.com/cpp/docs/reference/essentialcontacts/latest"
"482","JAVA","com.google.cloud:google-cloud-essential-contacts","stable","https://cloud.google.com/java/docs/reference/google-cloud-essential-contacts/latest/overview"
"482","NODEJS","@google-cloud/essential-contacts","stable","https://cloud.google.com/nodejs/docs/reference/essential-contacts/latest"
"482","PYTHON","google-cloud-essential-contacts","stable","https://cloud.google.com/python/docs/reference/essentialcontacts/latest"
"482","RUBY","google-cloud-essential_contacts-v1","stable","https://cloud.google.com/ruby/docs/reference/google-cloud-essential_contacts-v1/latest"
"482","RUBY","google-cloud-essential_contacts","stable","https://cloud.google.com/ruby/docs/reference/google-cloud-essential_contacts/latest"
"483","CPP","google-cloud-cpp::contactcenterinsights::v1","stable","https://cloud.google.com/cpp/docs/reference/contactcenterinsights/latest"
"483","JAVA","com.google.cloud:google-cloud-contact-center-insights","stable","https://cloud.google.com/java/docs/reference/google-cloud-contact-center-insights/latest/overview"
"483","NODEJS","@google-cloud/contact-center-insights","stable","https://cloud.google.com/nodejs/docs/reference/contact-center-insights/latest"
"483","PYTHON","google-cloud-contact-center-insights","stable","https://cloud.google.com/python/docs/reference/contactcenterinsights/latest"
"483","RUBY","google-cloud-contact_center_insights-v1","stable","https://cloud.google.com/ruby/docs/reference/google-cloud-contact_center_insights-v1/latest"
"483","RUBY","google-cloud-contact_center_insights","stable","https://cloud.google.com/ruby/docs/reference/google-cloud-contact_center_insights/latest"
"502","CPP","google-cloud-cpp::networkmanagement::v1","stable","https://cloud.google.com/cpp/docs/reference/networkmanagement/latest"
"502","JAVA","com.google.cloud:google-cloud-network-management","stable","https://cloud.google.com/java/docs/reference/google-cloud-network-management/latest/overview"
"502","NODEJS","@google-cloud/network-management","stable","https://cloud.google.com/nodejs/docs/reference/network-management/latest"
"502","PYTHON","google-cloud-network-management","stable","https://cloud.google.com/python/docs/reference/networkmanagement/latest"
"502","RUBY","google-cloud-network_management-v1","stable","https://cloud.google.com/ruby/docs/reference/google-cloud-network_management-v1/latest"
"502","RUBY","google-cloud-network_management","stable","https://cloud.google.com/ruby/docs/reference/google-cloud-network_management/latest"
"561","CPP","google-cloud-cpp::bigquery::analyticshub::v1","stable","https://cloud.google.com/cpp/docs/reference/bigquery/latest"
"561","JAVA","com.google.cloud:google-cloud-bigquery-data-exchange","preview","https://cloud.google.com/java/docs/reference/google-cloud-bigquery-data-exchange/latest/overview"
"561","JAVA","com.google.cloud:google-cloud-analyticshub","stable","https://cloud.google.com/java/docs/reference/google-cloud-analyticshub/latest/overview"
"561","NODEJS","@google-cloud/clientgateways","stable","https://cloud.google.com/nodejs/docs/reference/clientgateways/latest"
"561","PYTHON","google-cloud-bigquery-data-exchange","preview","https://cloud.google.com/python/docs/reference/analyticshub/latest"
"561","PYTHON","google-cloud-bigquery-analyticshub","preview","https://cloud.google.com/python/docs/reference/analyticshub/latest"
"561","RUBY","google-cloud-bigquery-data_exchange-v1beta1","preview","https://cloud.google.com/ruby/docs/reference/google-cloud-bigquery-data_exchange-v1beta1/latest"
"561","RUBY","google-cloud-bigquery-analytics_hub-v1","preview","https://cloud.google.com/ruby/docs/reference/google-cloud-bigquery-analytics_hub-v1/latest"
"561","RUBY","google-cloud-bigquery-data_exchange","preview","https://cloud.google.com/ruby/docs/reference/google-cloud-bigquery-data_exchange/latest"
"561","RUBY","google-cloud-bigquery-analytics_hub","stable","https://cloud.google.com/ruby/docs/reference/google-cloud-bigquery-analytics_hub/latest"
